{"cameraMode":{"drawMode":0,"name":"Shaded","section":"Shading Mode"},"sceneLighting":true,"audioPlay":false,"sceneViewState":{"m_AlwaysRefresh":false,"showFog":true,"showSkybox":true,"showFlares":true,"showImageEffects":true,"showParticleSystems":true,"showVisualEffectGraphs":true,"m_FxEnabled":true},"in2DMode":false,"pivot":{"x":0.01604529470205307,"y":0.8435595035552979,"z":0.13808417320251466},"rotation":{"x":0.22456203401088715,"y":0.00730836670845747,"z":-0.0016842462355270982,"w":0.9744307994842529},"size":1.4749852418899537,"orthographic":false}